,name,index,coordinates,northeast,southwest

0,Zvartnots International Airport,0,"(40.1491782, 44.3988571)","(40.15959974999999, 44.4017542)","(40.14570435000002, 44.3978914)"

1,זווארטנוץ,1,"(40.1602393, 44.3363394)","(40.16158912989272, 44.33768922989272)","(40.15888947010728, 44.33498957010728)"

2,זווארטנוץ,2,"(40.16527019999999, 44.3427833)","(40.1700854, 44.3527508)","(40.1555893, 44.3299842)"

3,Īshān Abū Ḩaţab,0,"(31.8386111, 45.4805556)","(31.8480897, 45.49656299999999)","(31.8291315, 45.4645482)"

4,Acemhöyük,0,"(38.4112098, 33.8356942)","(38.41200634999999, 33.83729492989272)","(38.40882015, 33.83459527010728)"

5,ADA GARDEN GULAN PARK,0,"(36.213348, 43.9948941)","(36.21464597989273, 43.99664672989272)","(36.21194632010729, 43.99394707010728)"

6,Ada Hanina Cafe,0,"(32.0523223, 34.755636)","(32.05368592989272, 34.75696037989272)","(32.05098627010728, 34.75426072010728)"

7,כס האם הקדושה אצ'מיאדזין,0,"(38.3414571, 43.0354673)","(38.3440707, 43.0394964)","(38.3391106, 43.0321285)"

8,כס האם הקדושה אצ'מיאדזין,0,"(38.3414571, 43.0354673)","(38.3440707, 43.0394964)","(38.3391106, 43.0321285)"

9,מוזיאון ארצות המקרא,0,"(31.7746276, 35.2027523)","(31.77604762989272, 35.20426737989272)","(31.77334797010727, 35.20156772010728)"

10,Altıntepe,0,"(40.9535953, 29.1056232)","(40.959029, 29.114481)","(40.9487351, 29.09481)"

11,המוזיאון הלאומי של עיראק,0,"(33.3284501, 44.3859098)","(33.32935942989272, 44.38738662989272)","(33.32665977010728, 44.38468697010728)"

12,Amarah,1,"(31.83790119999999, 47.1420675)","(31.8844605, 47.1956348)","(31.8000112, 47.1090745)"

13,קוט,2,"(32.51649080000001, 45.8160287)","(32.5679373, 45.9360695)","(32.4585015, 45.7233809)"

14,מסופוטמיה,3,"(34.5337527, 43.483738)","(37.06718100000001, 48.575909)","(29.1030541, 41.218105)"

15,תל חלף,4,"(36.8250704, 40.0402377)","(36.8291935, 40.0516249)","(36.8153661, 40.032227)"

16,ירושלים,5,"(31.768319, 35.21371)","(31.8829601, 35.2652869)","(31.7096771, 35.0854311)"

17,דמשק,6,"(33.5138073, 36.2765279)","(33.5651386, 36.3678997)","(33.4498124, 36.1978912)"

18,לבנון,7,"(33.854721, 35.862285)","(34.69209, 36.62372)","(33.0550256, 35.0711001)"

19,תל אביב יפו,8,"(32.0852999, 34.78176759999999)","(32.146611, 34.8519761)","(32.029252, 34.7425159)"

20,ערקא,9,"(34.5304672, 36.0381967)","(34.5663051, 36.0598011)","(34.5219249, 36.0281239)"

21,ביירות,10,"(33.8937913, 35.5017767)","(33.9161091, 35.5416362)","(33.8623275, 35.4669284)"

22,הספרייה הלאומית,11,"(31.7759544, 35.1966085)","(31.77688132989273, 35.19746387989273)","(31.77418167010728, 35.19476422010729)"

23,כאמד א-לוז,12,"(33.6199656, 35.8226749)","(33.6292567, 35.83868229999999)","(33.6106735, 35.8066675)"

24,יפו,13,"(32.049357, 34.758355)","(32.0588139, 34.7743624)","(32.0398991, 34.7423476)"

25,בית לחם,14,"(31.7053821, 35.2024425)","(31.7148744, 35.2184499)","(31.6958888, 35.1864351)"

26,בית שמש,15,"(31.747041, 34.988099)","(31.768437, 35.032697)","(31.68703, 34.9465991)"

27,דורא,16,"(31.505093, 35.027527)","(31.5146057, 35.0435344)","(31.4955793, 35.0115196)"

28,Anah,0,"(34.3732088, 41.986585)","(34.3797126, 41.9981575)","(34.3637018, 41.9779872)"

29,אנטקיה,0,"(36.1968031, 36.1612344)","(36.41301199999999, 36.3969869)","(36.150869, 36.023355)"

30,Dereüstü,0,"(38.557435, 43.46915660000001)","(38.562007, 43.4723104)","(38.5542467, 43.465678)"

31,ארביל,0,"(36.190073, 43.9930303)","(36.2661445, 44.10179610000001)","(36.1284471, 43.91613)"

32,Arin-Berd,0,"(40.1405742, 44.53812)","(40.14192402989272, 44.53946982989272)","(40.13922437010728, 44.53677017010727)"

33,Arin-Berd,0,"(40.1405742, 44.53812)","(40.14192402989272, 44.53946982989272)","(40.13922437010728, 44.53677017010727)"

34,ארמביר,0,"(45.0014406, 41.1326893)","(45.033972, 41.1765871)","(44.958935, 41.050737)"

35,אשקלון,0,"(31.6687885, 34.5742523)","(31.7159071, 34.614373)","(31.619543, 34.5149351)"

36,אשקלון,0,"(31.6687885, 34.5742523)","(31.7159071, 34.614373)","(31.619543, 34.5149351)"

37,Temple of Ashur,0,"(35.45640710000001, 43.2594174)","(35.45788077989273, 43.26077032989272)","(35.45518112010728, 43.25807067010728)"

38,Tall al Asmar,0,"(33.3330556, 44.1594444)","(33.3423775, 44.1754518)","(33.3237327, 44.143437)"

39,Temple of Ashur,0,"(35.45640710000001, 43.2594174)","(35.45788077989273, 43.26077032989272)","(35.45518112010728, 43.25807067010728)"

40,"Assyria, the Office of the internet services and maintenance of computers",0,"(33.3010897, 44.4815826)","(33.30241617989272, 44.48290522989272)","(33.29971652010727, 44.48020557010728)"

41,"ԱՎՆԻԿ, AVNIK, ""АВНИК"" МНОГОФУНКЦИОНАЛЬНЫЙ ЖИЛОЙ КОМПЛЕКС",0,"(40.1995633, 44.4859698)","(40.20088747989272, 44.48770742989272)","(40.19818782010728, 44.48500777010727)"

42,AVNIK Defense Solutions Inc.,1,"(34.7018618, -86.69100689999999)","(34.70289302989272, -86.68946972010727)","(34.70019337010728, -86.69216937989272)"

43,מחוז באבל,0,"(32.468191, 44.5501935)","(33.233322, 45.214476)","(32.0787799, 43.849441)"

44,Babil Games LLC,0,"(31.9867594, 35.86870140000001)","(31.98795667989272, 35.86996322989273)","(31.98525702010728, 35.86726357010728)"

45,מחוז באבל,0,"(32.468191, 44.5501935)","(33.233322, 45.214476)","(32.0787799, 43.849441)"

46,מחוז באבל,0,"(32.468191, 44.5501935)","(33.233322, 45.214476)","(32.0787799, 43.849441)"

47,Iraqi Embassy in Bahrain,0,"(26.2380811, 50.5959379)","(26.23950252989272, 50.59745417989272)","(26.23680287010728, 50.59475452010728)"

48,בחריין,0,"(26.0667, 50.5577)","(26.3469001, 50.8509064)","(25.5349999, 50.324246)"

49,Bahcecik,0,"(40.66896, 29.898653)","(40.6774227, 29.9146604)","(40.6604963, 29.8826456)"

50,בלאוואת,0,"(36.222559, 43.4150933)","(36.2259962, 43.4183979)","(36.219072, 43.41114520000001)"

51,Bassetki,0,"(36.9566705, 42.7278118)","(36.958673, 42.7323718)","(36.9537908, 42.7220587)"

52,Bastam,0,"(36.4846777, 54.9983623)","(36.4909212, 55.0086737)","(36.4778266, 54.9902629)"

53,Bastam,0,"(36.4846777, 54.9983623)","(36.4909212, 55.0086737)","(36.4778266, 54.9902629)"

54,בתיר,0,"(31.728181, 35.138032)","(31.737671, 35.15403939999999)","(31.7186901, 35.1220246)"

55,Başkale,0,"(38.0476, 44.0149)","(38.056878, 44.035559)","(38.028979, 44.0064318)"

56,Bingöl Dağları,0,"(39.3341506, 41.3341661)","(39.3427804, 41.3501735)","(39.3255198, 41.3181587)"

57,מערת שנידאר,0,"(36.831651, 44.22104359999999)","(36.83300082989273, 44.22239342989271)","(36.83030117010728, 44.21969377010727)"

58,Qasr-e Shirin,1,"(34.5159031, 45.5776859)","(34.532475, 45.6105566)","(34.5009688, 45.566268)"

59,Soomar,2,"(33.8816149, 45.6396943)","(33.8888267, 45.6450605)","(33.873667, 45.6362629)"

60,Anubanini rock relief,3,"(34.4627067, 45.8690837)","(34.46412797989272, 45.87022957989272)","(34.46142832010727, 45.86752992010728)"

61,Sarpol Zahab,4,"(34.4513937, 45.8612066)","(34.4748637, 45.884142)","(34.4435833, 45.8424282)"

62,Paveh,5,"(35.0430104, 46.3552713)","(35.0606338, 46.37912739999999)","(35.0302072, 46.3434219)"

63,Gilan Gharb,6,"(34.1397111, 45.9206089)","(34.1518036, 45.9452534)","(34.1279875, 45.90212349999999)"

64,Shush,7,"(32.1957948, 48.254283)","(32.2146891, 48.2899761)","(32.1759031, 48.2338428)"

65,קרמנשאה,8,"(34.4576233, 46.670534)","(35.2948881, 48.0462301)","(33.6447322, 45.4076611)"

66,כתובת ביסותון,9,"(34.3904874, 47.4359591)","(34.39154902989273, 47.43763412989272)","(34.38884937010728, 47.43493447010728)"

67,כרמאנשאה,10,"(34.3276924, 47.0777685)","(34.3993322, 47.1938789)","(34.275207, 46.9978679)"

68,Bisitun Cave,11,"(34.3905566, 47.4370712)","(34.39178162989272, 47.43849157989272)","(34.38908197010728, 47.43579192010728)"

69,Mardin,12,"(37.312903, 40.733951)","(37.340449, 40.766385)","(37.3006559, 40.691066)"

70,Statue of Hercules,13,"(34.3905602, 47.43756639999999)","(34.39186202989272, 47.43894337989272)","(34.38916237010727, 47.43624372010728)"

71,ארמניה,14,"(40.069099, 45.038189)","(41.300993, 46.6342219)","(38.840244, 43.4472601)"

72,איראן,15,"(32.427908, 53.688046)","(39.782056, 63.3333366)","(24.8066999, 44.0326949)"

73,ריי,16,"(35.5770451, 51.4624642)","(35.5969001, 51.4972973)","(35.5482726, 51.4194713)"

74,בם,17,"(29.0984956, 58.337468)","(29.1368686, 58.39542389999999)","(29.0677983, 58.2973194)"

75,משהאד,18,"(36.2604623, 59.6167549)","(36.4042558, 59.7220229)","(36.1909881, 59.4368935)"

76,המוזיאון הבריטי,19,"(51.5194133, -0.1269566)","(51.52145429999999, -0.12477735)","(51.51732029999999, -0.12914235)"

77,Arabia,20,"(19.4914108, 47.4490397)","(32.154284, 60.30399999999999)","(11.7975, 34.4815001)"

78,הראט,21,"(34.352865, 62.20402869999999)","(34.3883543, 62.2713661)","(34.3185577, 62.150774)"

79,מרב העתיקה,22,"(37.664426, 62.17471860000001)","(37.6859939, 62.20304489999999)","(37.6483543, 62.1446799)"

80,סמית'סוניאן,23,"(38.8860146, -77.0213921)","(38.88755922989272, -77.01912870000001)","(38.88485957010728, -77.0222679)"

81,Bisotun,0,"(34.3961908, 47.4453628)","(34.4039354, 47.4529552)","(34.3901781, 47.4397373)"

82,Bitlis,0,"(38.400569, 42.1095019)","(38.429029, 42.1383121)","(38.37997, 42.087527)"

83,ביטליס,1,"(38.6523133, 42.4202028)","(39.032639, 43.22526089999999)","(37.959825, 41.4871841)"

84,Ahlat Selçuklu Mezarlığı,2,"(38.7404253, 42.4589483)","(38.74163652989272, 42.46040682989272)","(38.73893687010727, 42.45770717010728)"

85,Yağızoymak,3,"(37.571404, 42.010748)","(37.57173732989272, 42.013219)","(37.56903767010728, 42.009576)"

86,כורדיסטאן העיראקית,4,"(36.4103395, 44.38719529999999)","(37.3712486, 46.3320922)","(34.4539171, 41.2783813)"

87,עמידייה,5,"(37.0917271, 43.487692)","(37.0961619, 43.4898734)","(37.0877921, 43.4835863)"

88,ברזאן,6,"(36.9263062, 44.0407888)","(36.9362406, 44.0555191)","(36.9177151, 44.0303707)"

89,Bitlis,0,"(38.400569, 42.1095019)","(38.429029, 42.1383121)","(38.37997, 42.087527)"

90,Boğazkale,0,"(40.021565, 34.609279)","(40.0378339, 34.6186719)","(40.015918, 34.601238)"

91,Borsippa Ziggurat,0,"(32.391743, 44.341287)","(32.39464325000001, 44.34294662989273)","(32.39077624999999, 44.34024697010728)"

92,Bostankaya,0,"(39.511558, 37.0183137)","(39.5129338, 37.0212525)","(39.5069284, 37.0136538)"

93,Bulutpınar,0,"(39.3449, 42.6593)","(39.35352839999999, 42.6753074)","(39.3362705, 42.6432926)"

94,Burmageçit,0,"(38.966843, 39.5393)","(38.9702716, 39.54461149999999)","(38.9622482, 39.5342672)"

95,Byblos Bank,0,"(33.3092542, 44.4300176)","(33.31068537989272, 44.43130877989272)","(33.30798572010728, 44.42860912010728)"

96,Byblos Bank,1,"(35.557193, 45.4284185)","(35.55859627989272, 45.42978797989272)","(35.55589662010727, 45.42708832010728)"

97,גבל,0,"(34.1230021, 35.6519282)","(34.1322386, 35.6679356)","(34.1137646, 35.6359208)"

98,תל שאע'ר בזאר,0,"(36.8745742, 40.8981943)","(36.87546252989272, 40.89974697989273)","(36.87276287010728, 40.89704732010728)"

99,צ'וגה מיש,0,"(32.2088061, 48.5452242)","(32.2126604, 48.5493336)","(32.2058095, 48.5416386)"

100,צ'וגה זנביל,0,"(32.0090545, 48.5215684)","(32.01040432989272, 48.52291822989272)","(32.00770467010727, 48.52021857010728)"

101,Delibaba Szendvicsműhely,0,"(47.5018533, 19.0491581)","(47.50319767989272, 19.05046102989272)","(47.50049802010728, 19.04776137010728)"

102,הגנים התלויים בבבל,0,"(32.5422787, 44.4208893)","(32.54387322989272, 44.42203115000001)","(32.54117357010728, 44.41746375)"

103,עירק,1,"(33.223191, 43.679291)","(37.380645, 48.6350999)","(29.0612079, 38.7936741)"

104,שגרירות ארצות הברית בבגדאד,2,"(33.2987416, 44.3959129)","(33.29962377989272, 44.39733587989272)","(33.29692412010728, 44.39463622010727)"

105,المركز الإقليمي للتدريب DER Training Centre,3,"(33.3506708, 44.3769225)","(33.35214402989272, 44.37818927989272)","(33.34944437010728, 44.37548962010728)"

106,כורדיסטאן העיראקית,4,"(36.4103395, 44.38719529999999)","(37.3712486, 46.3320922)","(34.4539171, 41.2783813)"

107,ארביל,5,"(36.190073, 43.9930303)","(36.2661445, 44.10179610000001)","(36.1284471, 43.91613)"

108,Dera Shish,6,"(37.3266906, 42.8001138)","(37.32879210000001, 42.8026271)","(37.3236561, 42.7965116)"

109,מחוז די קאר,7,"(31.1042292, 46.3624686)","(31.9975451, 47.2104141)","(30.564833, 45.643673)"

110,Badra,8,"(32.9992651, 45.8279734)","(33.4761266, 46.3372421)","(32.73415120000001, 45.4971313)"

111,המוזיאון הלאומי של עיראק,9,"(33.3284501, 44.3859098)","(33.32935942989272, 44.38738662989272)","(33.32665977010728, 44.38468697010728)"

112,OXY,10,"(33.281304, 44.388067)","(33.28263877989273, 44.38936502989272)","(33.27993912010729, 44.38666537010728)"

113,Der Salman,11,"(33.4800397, 36.4999898)","(33.4879386, 36.5071176)","(33.4743906, 36.4935136)"

114,consulate General of the Republic of Iraq,12,"(50.1116247, 8.662969)","(50.11294397989273, 8.664196479892722)","(50.11024432010728, 8.661496820107278)"

115,Değirmenköy,0,"(41.098709, 28.00971)","(41.10002082989271, 28.01112487989272)","(41.09732117010727, 28.00842522010727)"

116,דיאלה,0,"(33.7733487, 45.1494505)","(35.1153911, 46.033497)","(33.006982, 44.292854)"

117,דיאלה,0,"(33.7733487, 45.1494505)","(35.1153911, 46.033497)","(33.006982, 44.292854)"

118,נהר דיאלא,0,"(33.273305, 44.5375385)","(33.3311736, 44.5409453)","(33.2200882, 44.5058292)"

119,Duhok,0,"(36.8632107, 42.9884805)","(36.8901929, 43.1103516)","(36.8184925, 42.879467)"

120,Duhok,0,"(36.8632107, 42.9884805)","(36.8901929, 43.1103516)","(36.8184925, 42.879467)"

121,دور كاتليمو,0,"(35.6431481, 40.7408464)","(35.64449792989272, 40.74219622989272)","(35.64179827010728, 40.73949657010727)"

122,The Ziggurat of Dur-Kurigalzu,0,"(33.353535, 44.2021242)","(33.35487077989272, 44.2036191)","(33.35217112010728, 44.1976395)"

123,עירק,1,"(33.223191, 43.679291)","(37.380645, 48.6350999)","(29.0612079, 38.7936741)"

124,המוזיאון הלאומי של עיראק,2,"(33.3284501, 44.3859098)","(33.32935942989272, 44.38738662989272)","(33.32665977010728, 44.38468697010728)"

125,דור שרוכין,0,"(36.5101532, 43.2234763)","(36.5149825, 43.2275319)","(36.5052554, 43.2197428)"

126,דור שרוכין,0,"(36.5101532, 43.2234763)","(36.5149825, 43.2275319)","(36.5052554, 43.2197428)"

127,דור שרוכין,0,"(36.5101532, 43.2234763)","(36.5149825, 43.2275319)","(36.5052554, 43.2197428)"

128,דור שרוכין,0,"(36.5101532, 43.2234763)","(36.5149825, 43.2275319)","(36.5052554, 43.2197428)"

129,Düzceli,0,"(39.1764, 42.72739989999999)","(39.1850492, 42.7434073)","(39.1677497, 42.7113925)"

130,Janfida,0,"(40.0416345, 44.0273578)","(40.0541616, 44.0442753)","(40.03477790000001, 43.9988708)"

131,e-4-all.com,0,"(31.770813, 35.200618)","(31.77215947989272, 35.20193097989272)","(31.76945982010728, 35.19923132010727)"

132,e-4-all.com,0,"(31.770813, 35.200618)","(31.77215947989272, 35.20193097989272)","(31.76945982010728, 35.19923132010727)"

133,המדאן,0,"(34.7988575, 48.5150225)","(34.8825162, 48.5836459)","(34.74214140000001, 48.4364891)"

134,המדאן,0,"(34.7988575, 48.5150225)","(34.8825162, 48.5836459)","(34.74214140000001, 48.4364891)"

135,Edremit,0,"(39.6655423, 26.8439147)","(39.7653201, 27.1010949)","(39.551713, 26.6517611)"

136,Embassy of Iraq,0,"(30.0482485, 31.2044828)","(30.04962797989272, 31.20578712989272)","(30.04692832010728, 31.20308747010728)"

137,מצרים,0,"(26.820553, 30.802498)","(31.8122, 37.0569)","(21.9999999, 24.696775)"

138,Kharga,0,"(25.4390388, 30.5586043)","(25.4827594, 30.5699641)","(25.4091669, 30.5212265)"

139,Tall al Laḩm,0,"(31.6852778, 46.3430556)","(31.6947722, 46.359063)","(31.6757825, 46.3270482)"

140,עירק,0,"(33.223191, 43.679291)","(37.380645, 48.6350999)","(29.0612079, 38.7936741)"

141,Al A'elam Primary school,1,"(33.2436259, 44.3401806)","(33.24500202989272, 44.34170807989273)","(33.24230237010728, 44.33900842010728)"

142,עילאם,2,"(33.29576180000001, 46.670534)","(34.0870302, 47.9499759)","(32.1080964, 45.7531651)"

143,אילאם,3,"(33.6349736, 46.415281)","(33.6528069, 46.44824269999999)","(33.6210342, 46.3797726)"

144,איראן,4,"(32.427908, 53.688046)","(39.782056, 63.3333366)","(24.8066999, 44.0326949)"

145,המוזיאון הבריטי,5,"(51.5194133, -0.1269566)","(51.52145429999999, -0.12477735)","(51.51732029999999, -0.12914235)"

146,Providence Orenco Medical Plaza,6,"(45.5299022, -122.9251015)","(45.53126087989273, -122.9237351701073)","(45.52856122010728, -122.9264348298927)"

147,Elar,0,"(40.2648178, 44.62620769999999)","(40.2700877, 44.6337605)","(40.258012, 44.6148884)"

148,Elma,0,"(42.8212288, -78.6341996)","(42.864776, -78.57691000000001)","(42.781841, -78.69696300000001)"

149,Elmau,1,"(47.459711, 11.180518)","(47.4672545, 11.1965254)","(47.4521664, 11.1645106)"

150,Elmalı,0,"(36.737838, 29.916662)","(36.749274, 29.939809)","(36.71644, 29.907322)"

151,Elvend,0,"(40.1201571, 47.8549267)","(40.1270516, 47.8704751)","(40.1131403, 47.8400574)"

152,Mount Kucukerek,0,"(38.4686111, 43.5180556)","(38.4773467, 43.534063)","(38.4598744, 43.5020482)"

153,ארידו,0,"(30.8259125, 45.9946614)","(30.82726232989272, 45.99601122989273)","(30.82456267010728, 45.99331157010729)"

154,עירק,0,"(33.223191, 43.679291)","(37.380645, 48.6350999)","(29.0612079, 38.7936741)"

155,Khafajah / Khafaje,1,"(33.354812, 44.55583550000001)","(33.35810360000001, 44.55769565000001)","(33.35371479999998, 44.55025504999998)"

156,Baqubah,2,"(33.7517053, 44.6080708)","(33.8130278, 44.7201505)","(33.6717115, 44.5144402)"

157,קארבאלה,3,"(32.6027147, 44.01969870000001)","(32.6576357, 44.06719469999999)","(32.557394, 43.9558696)"

158,Tulūl ad Dayr,4,"(33.0997222, 44.2983333)","(33.109069, 44.3143407)","(33.0903744, 44.2823259)"

159,Hit,5,"(33.6435199, 42.8253662)","(33.6586385, 42.8611851)","(33.6220526, 42.8027344)"

160,מסופוטמיה,6,"(34.5337527, 43.483738)","(37.06718100000001, 48.575909)","(29.1030541, 41.218105)"

161,Faqus,0,"(30.7292723, 31.7977797)","(30.7388631, 31.8137871)","(30.7196805, 31.7817723)"

162,Garni,0,"(40.1185127, 44.71863279999999)","(40.151686, 44.76340769999999)","(40.096819, 44.6582222)"

163,המוזיאון הלאומי של עיראק,0,"(33.3284501, 44.3859098)","(33.32935942989272, 44.38738662989272)","(33.32665977010728, 44.38468697010728)"

164,המוזיאון הלאומי של עיראק,0,"(33.3284501, 44.3859098)","(33.32935942989272, 44.38738662989272)","(33.32665977010728, 44.38468697010728)"

165,Gharsana,0,"(29.0272916, 73.07889569999999)","(29.0346718, 73.1014395)","(29.0166222, 73.0596398)"

166,Gavar,0,"(40.3513253, 45.12726749999999)","(40.3838532, 45.1844071)","(40.3252481, 45.0897359)"

167,Gawra De,0,"(35.7493248, 45.0306493)","(35.75091837989272, 45.032605)","(35.74821872010727, 45.0291502)"

168,גרלה,0,"(47.0317645, 23.909253)","(47.0448028, 23.932085)","(47.0124496, 23.8859081)"

169,R. Antônio Guganis - Jardim São Paulo,0,"(-23.4979185, -46.6183416)","(-23.49656867010728, -46.61699177010728)","(-23.49926832989272, -46.61969142989272)"

170,Gövelek,0,"(38.53470000000001, 43.62039980000001)","(38.5371945, 43.6274859)","(38.5289205, 43.6123613)"

171,Gusak,0,"(44.8571135, 17.530237)","(44.86502249999999, 17.5462444)","(44.84920340000001, 17.5142296)"

172,Habibuşağı,0,"(38.442699, 38.78097)","(38.4514377, 38.7969774)","(38.4339592, 38.7649626)"

173,`Iraq al Haddad,0,"(32.15, 35.35)","(32.1594465, 35.3660074)","(32.1405525, 35.33399259999999)"

174,Khafajah / Khafaje,0,"(33.354812, 44.55583550000001)","(33.35810360000001, 44.55769565000001)","(33.35371479999998, 44.55025504999998)"

175,Hafttapeh,0,"(32.0793399, 48.399518)","(32.0923453, 48.4212597)","(32.0619502, 48.3103267)"

176,Hafttapeh,0,"(32.0793399, 48.399518)","(32.0923453, 48.4212597)","(32.0619502, 48.3103267)"

177,hagi.co.il,0,"(32.8102822, 34.998596)","(32.81162047989272, 34.99991717989273)","(32.80892082010728, 34.99721752010728)"

178,Hammam al-Alil,0,"(36.1581669, 43.2532598)","(36.1751237, 43.2643748)","(36.1424495, 43.24162949999999)"

179,חמאם - מתחם אירועים | HAMAM - Event Venue,0,"(32.0545685, 34.7539334)","(32.05617912989273, 34.75535312989273)","(32.05347947010728, 34.75265347010728)"

180,Hana - رێكخراوی هانا,0,"(36.1742165, 44.0365343)","(36.17556562989272, 44.03783452989272)","(36.17286597010728, 44.03513487010728)"

181,صالون هناء ورنوش للسيدات - Hana Salon,0,"(32.0127652, 35.8783506)","(32.01413947989272, 35.87970677989272)","(32.01143982010728, 35.87700712010728)"

182,Tall Ḩarmal,0,"(33.9547222, 45.0652778)","(33.963977, 45.0812852)","(33.9454664, 45.0492704)"

183,تل حرمل,1,"(33.3095041, 44.4673653)","(33.31068817989273, 44.46872442989272)","(33.30798852010728, 44.46602477010727)"

184,חרן,0,"(36.863131, 39.024276)","(36.876378, 39.0411911)","(36.857666, 39.017099)"

185,Pasinler,0,"(39.977182, 41.6680769)","(39.986861, 41.7026981)","(39.9663769, 41.6479149)"

186,Hattusa,0,"(51.0599097, 0.1618569)","(51.06126737989272, 0.1632618798927222)","(51.05856772010727, 0.1605622201072778)"

187,ירושלים,0,"(31.768319, 35.21371)","(31.8829601, 35.2652869)","(31.7096771, 35.0854311)"

188,רשות העתיקות,1,"(31.7842528, 35.2359667)","(31.78558502989272, 35.23746612989272)","(31.78288537010727, 35.23476647010728)"

189,האוניברסיטה העברית בירושלים,2,"(31.7945578, 35.2414009)","(31.79564085, 35.24425225)","(31.79248184999999, 35.24045045)"

190,גן לאומי בית גוברין-מרשה,3,"(31.601631, 34.895464)","(31.60302727989272, 34.89855250000001)","(31.60032762010728, 34.8944345)"

191,גן לאומי מצדה,4,"(31.3114167, 35.36269550000001)","(31.31276087989272, 35.36409692989272)","(31.31006122010728, 35.36139727010728)"

192,ישראל,5,"(31.046051, 34.851612)","(33.33280500000001, 35.896244)","(29.47969999999999, 34.2673871)"

193,באר שבע,6,"(31.252973, 34.791462)","(31.3110787, 34.8438839)","(31.2118039, 34.7378901)"

194,Tel Hazor National Park - גן לאומי תל חצור-כולל מוזיאון,7,"(33.017442, 35.56818)","(33.01822987989273, 35.57045085000001)","(33.01553022010728, 35.56742305)"

195,שומרון,8,"(32.422877, 35.3027226)","(32.5520999, 35.430149)","(32.176537, 35.0653213)"

196,חיפה,9,"(32.7940463, 34.989571)","(32.842681, 35.079493)","(32.7565638, 34.954059)"

197,Tel Hazor National Park - גן לאומי תל חצור-כולל מוזיאון,0,"(33.017442, 35.56818)","(33.01822987989273, 35.57045085000001)","(33.01553022010728, 35.56742305)"

198,חילה,0,"(32.4736266, 44.4251904)","(32.5185919, 44.4662946)","(32.4258826, 44.3694019)"

199,Lake Hamrin,0,"(34.2299142, 44.98134520000001)","(34.3215053, 45.128936)","(34.0588209, 44.9268626)"

200,Buyuk Hisar,0,"(35.63303, 44.3891599)","(35.6420983, 44.4051673)","(35.6239607, 44.3731525)"

201,Ibn Hani,0,"(35.5922685, 35.7548481)","(35.59347127989272, 35.75623937989273)","(35.59077162010727, 35.75353972010728)"

202,IDU,0,"(49.40639609999999, 2.7936904)","(49.40770982989272, 2.795003879892723)","(49.40501017010727, 2.792304220107278)"

203,בלאוואת,0,"(36.222559, 43.4150933)","(36.2259962, 43.4183979)","(36.219072, 43.41114520000001)"

204,בלאוואת,0,"(36.222559, 43.4150933)","(36.2259962, 43.4183979)","(36.219072, 43.41114520000001)"

205,עירק,0,"(33.223191, 43.679291)","(37.380645, 48.6350999)","(29.0612079, 38.7936741)"

206,עירק,0,"(33.223191, 43.679291)","(37.380645, 48.6350999)","(29.0612079, 38.7936741)"

207,עירק,0,"(33.223191, 43.679291)","(37.380645, 48.6350999)","(29.0612079, 38.7936741)"

208,מסופוטמיה,1,"(34.5337527, 43.483738)","(37.06718100000001, 48.575909)","(29.1030541, 41.218105)"

209,Tell Ishchali,2,"(33.303056, 44.58425)","(33.30462267989272, 44.58615997989273)","(33.30192302010728, 44.58346032010728)"

210,Jerwan,0,"(36.6693477, 43.3953759)","(36.678297, 43.4113833)","(36.6603974, 43.3793685)"

211,Assyrian Aqueduct Jerwan,1,"(36.6697961, 43.3934151)","(36.67123962989272, 43.39611765000001)","(36.66853997010728, 43.39251425)"

212,Jerwan,0,"(36.6693477, 43.3953759)","(36.678297, 43.4113833)","(36.6603974, 43.3793685)"

213,Mount Cudi,0,"(37.369444, 42.344167)","(37.3783112, 42.3601744)","(37.3605758, 42.3281596)"

214,Hafttapeh,0,"(32.0793399, 48.399518)","(32.0923453, 48.4212597)","(32.0619502, 48.3103267)"

215,Hafttapeh,0,"(32.0793399, 48.399518)","(32.0923453, 48.4212597)","(32.0619502, 48.3103267)"

216,Kadembas Köftecisi,0,"(38.417771, 43.234106)","(38.41909147989272, 43.23550382989272)","(38.41639182010728, 43.23280417010727)"

217,Kahat,0,"(2.3643802, 96.3359009)","(2.386643, 96.35185489999999)","(2.3475219, 96.31424799999999)"

218,Kalecik,0,"(40.1065309, 33.411384)","(40.118274, 33.435825)","(40.083273, 33.40050799999999)"

219,markety kamo,0,"(35.575089, 45.4151992)","(35.57639892989272, 45.41655277989273)","(35.57369927010728, 45.41385312010728)"

220,אבירי טכנולוגיות,0,"(32.1009361, 34.8622916)","(32.10222612989273, 34.86370057989271)","(32.09952647010728, 34.86100092010727)"

221,Kanis,0,"(52.1246555, 4.894689)","(52.13150539999999, 4.9106964)","(52.1178046, 4.8786816)"

222,Karagündüz,0,"(38.6948, 43.6462)","(38.697821, 43.6481839)","(38.689643, 43.6418981)"

223,Karahan,0,"(37.05236, 35.172911)","(37.06126450000001, 35.1889184)","(37.0434545, 35.1569036)"

224,Karhar,0,"(17.8698773, 73.83528989999999)","(17.87255, 73.84116)","(17.8658899, 73.82849999999999)"

225,caracalla dance school,0,"(33.8779688, 35.5399541)","(33.87932192989273, 35.54129557989272)","(33.87662227010728, 35.53859592010728)"

226,Moni Karakala,1,"(37.61830800000001, 22.9051127)","(37.61987612989272, 22.9071327)","(37.61717647010727, 22.9041582)"

227,Karakala,2,"(41.40275949999999, 2.1565647)","(41.40410127989273, 2.157901429892722)","(41.40140162010728, 2.155201770107277)"

228,K & K Transporte Karakala KG,3,"(48.1877208, 16.2832547)","(48.18909422989271, 16.28453067989272)","(48.18639457010727, 16.28183102010728)"

229,Karakala,4,"(23.9839536, 74.04543470000002)","(23.9866839, 74.04787309999999)","(23.9822532, 74.04289469999999)"

230,LM Agiou Dimitriou (Karakalas),5,"(37.6183094, 22.9052858)","(37.61975872989272, 22.90657027989272)","(37.61705907010728, 22.90387062010728)"

231,Kara Kala,6,"(38.4348566, 56.2873482)","(38.4474046, 56.311369)","(38.4241424, 56.2647628)"

232,Karataş,0,"(36.6649776, 35.2587964)","(36.798939, 35.59287810000001)","(36.5382869, 34.9080491)"

233,Karmir Blur,0,"(40.1531719, 44.4498612)","(40.1565227, 44.4562626)","(40.1495538, 44.4431948)"

234,קארס,0,"(40.6013378, 43.0974525)","(40.6233371, 43.13252380000001)","(40.570057, 43.071051)"

235,Yusuf KASIMOĞLU,0,"(31.7687858, 35.2131775)","(31.77020577989272, 35.21461877989272)","(31.76750612010727, 35.21191912010728)"

236,Kavuncu,0,"(39.404601, 31.933888)","(39.4132221, 31.9498954)","(39.3959789, 31.9178806)"

237,Kef Kalesi,0,"(38.8335725, 42.71916840000001)","(38.83492232989272, 42.72051822989273)","(38.83222267010728, 42.71781857010728)"

238,Kalishin,0,"(36.9166669, 44.8999999)","(36.9255873, 44.9160073)","(36.9077455, 44.8839925)"

239,Kalishin,0,"(36.9166669, 44.8999999)","(36.9255873, 44.9160073)","(36.9077455, 44.8839925)"

240,כרמאנשאה,0,"(34.3276924, 47.0777685)","(34.3993322, 47.1938789)","(34.275207, 46.9978679)"

241,כרמאנשאה,0,"(34.3276924, 47.0777685)","(34.3993322, 47.1938789)","(34.275207, 46.9978679)"

242,Kevenli,0,"(38.474977, 43.4491261)","(38.4770863, 43.4520318)","(38.4735782, 43.4390889)"

243,Keçikıran,0,"(36.9650571, 38.984965)","(36.9698681, 38.9876742)","(36.961422, 38.9795237)"

244,Keçikıran,1,"(40.5683719, 31.383971)","(40.5768473, 31.3999784)","(40.5598954, 31.3679636)"

245,Khafajah / Khafaje,0,"(33.354812, 44.55583550000001)","(33.35810360000001, 44.55769565000001)","(33.35371479999998, 44.55025504999998)"

246,קום,0,"(34.6415764, 50.8746035)","(34.8156355, 50.9421444)","(34.5615291, 50.7619858)"

247,Kızkapanlı,0,"(37.37502, 37.293138)","(37.3838865, 37.30914540000001)","(37.3661525, 37.2771306)"

248,קורסון-שבצ'נקיבסקי,0,"(49.4261119, 31.2618527)","(49.4483229, 31.329841)","(49.390324, 31.224558)"

249,Koçyatağı,0,"(39.910053, 39.2015669)","(39.9186112, 39.2175743)","(39.9014937, 39.1855595)"

250,Kampung Kubang Kuar,0,"(5.959789, 100.469628)","(5.9715241, 100.4780959)","(5.948054, 100.4613052)"

251,המוזיאון הלאומי של עיראק,0,"(33.3284501, 44.3859098)","(33.32935942989272, 44.38738662989272)","(33.32665977010728, 44.38468697010728)"

252,ישראל,1,"(31.046051, 34.851612)","(33.33280500000001, 35.896244)","(29.47969999999999, 34.2673871)"

253,המוזיאון הבריטי,2,"(51.5194133, -0.1269566)","(51.52145429999999, -0.12477735)","(51.51732029999999, -0.12914235)"

254,Junior Kutha for Boys,0,"(32.745229, 44.6037358)","(32.74657862989272, 44.60510487989271)","(32.74387897010727, 44.60240522010727)"

255,Köşk,0,"(37.853694, 28.052133)","(37.862628, 28.063051)","(37.842851, 28.0435819)"

256,Lagash لكش,0,"(31.411389, 46.407222)","(31.41273882989272, 46.40857182989271)","(31.41003917010728, 46.40587217010727)"

257,עירק,0,"(33.223191, 43.679291)","(37.380645, 48.6350999)","(29.0612079, 38.7936741)"

258,Lagash لكش,1,"(31.411389, 46.407222)","(31.41273882989272, 46.40857182989271)","(31.41003917010728, 46.40587217010727)"

259,המוזיאון הלאומי של עיראק,2,"(33.3284501, 44.3859098)","(33.32935942989272, 44.38738662989272)","(33.32665977010728, 44.38468697010728)"

260,ארביל,3,"(36.190073, 43.9930303)","(36.2661445, 44.10179610000001)","(36.1284471, 43.91613)"

261,מוסול,4,"(36.3489278, 43.157736)","(36.4395827, 43.2660099)","(36.2660698, 43.0147361)"

262,מחוז די קאר,5,"(31.1042292, 46.3624686)","(31.9975451, 47.2104141)","(30.564833, 45.643673)"

263,Shatrah,6,"(31.4083804, 46.1756813)","(31.4365725, 46.1954498)","(31.3731686, 46.1481571)"

264,מסופוטמיה,7,"(34.5337527, 43.483738)","(37.06718100000001, 48.575909)","(29.1030541, 41.218105)"

265,המוזיאון הבריטי,8,"(51.5194133, -0.1269566)","(51.52145429999999, -0.12477735)","(51.51732029999999, -0.12914235)"

266,ימת אורמיה,0,"(37.6822019, 45.3943312)","(38.2339837, 45.7831729)","(37.1989622, 45.0600578)"

267,ימת אורמיה,0,"(37.6822019, 45.3943312)","(38.2339837, 45.7831729)","(37.1989622, 45.0600578)"

268,Larak,0,"(26.8482909, 56.3712327)","(26.8904974, 56.4135504)","(26.8209303, 56.3146091)"

269,"Larak, Amol",1,"(36.0720004, 52.4538749)","(36.0750486, 52.4566806)","(36.0684578, 52.44958889999999)"

270,LARSA GROUP,0,"(30.5168671, 47.822292)","(30.51819212989271, 47.82360622989273)","(30.51549247010727, 47.82090657010728)"

271,Mahmudabad,0,"(27.2967145, 81.1251235)","(27.3149678, 81.1415004)","(27.2814846, 81.0985851)"

272,Malazgirt,0,"(39.146145, 42.54096)","(39.1605541, 42.566427)","(39.12144199999999, 42.5063241)"

273,Malazgirt,0,"(39.9547258, 32.5641411)","(39.961395, 32.5743059)","(39.9486409, 32.5538021)"

274,Manana Ceramica,0,"(33.2823556, 35.2186181)","(33.28377082989272, 35.22006827989272)","(33.28107117010727, 35.21736862010728)"

275,Qutabkhanhy Zansty-dominated Mardin,0,"(36.1808663, 45.1354491)","(36.18227022989272, 45.13681612989272)","(36.17957057010727, 45.13411647010728)"

276,Mardin High School,1,"(35.5453534, 45.4037127)","(35.54692597989271, 45.40508917989272)","(35.54422632010727, 45.40238952010728)"

277,Derishke,2,"(37.2474658, 43.4383738)","(37.2750774, 43.4674931)","(37.2081832, 43.3985709)"

278,Mardin record shop,3,"(36.380692, 44.2037441)","(36.38196592989271, 44.20530582989272)","(36.37926627010727, 44.20260617010727)"

279,Mardin,4,"(36.1673851, 43.9811935)","(36.16876182989272, 43.98250237989272)","(36.16606217010728, 43.97980272010728)"

280,עירק,5,"(33.223191, 43.679291)","(37.380645, 48.6350999)","(29.0612079, 38.7936741)"

281,Ovaköy,6,"(37.1266589, 42.42371199999999)","(37.1355547, 42.4397194)","(37.1177621, 42.4077046)"

282,Dera Shish,7,"(37.3266906, 42.8001138)","(37.32879210000001, 42.8026271)","(37.3236561, 42.7965116)"

283,Cizre Nuh,8,"(36.853203, 42.90421509999999)","(36.85448347989272, 42.90557292989271)","(36.85178382010728, 42.90287327010727)"

284,כורדיסטאן העיראקית,9,"(36.4103395, 44.38719529999999)","(37.3712486, 46.3320922)","(34.4539171, 41.2783813)"

285,נציבין,10,"(37.0696439, 41.213997)","(37.10248800000001, 41.2508009)","(37.064952, 41.195017)"

286,Değirmencik,11,"(37.15304700000001, 41.619826)","(37.1619397, 41.6358334)","(37.1441533, 41.6038186)"

287,Ilisu Dam,12,"(37.5328228, 41.8433957)","(37.53351690000001, 41.84432590000001)","(37.53074049999999, 41.8406051)"

288,Ilısu,13,"(37.5203032, 41.8283466)","(37.551574, 41.8563931)","(37.49377399999999, 41.806945)"

289,Güneli,14,"(37.1720479, 41.52082300000001)","(37.1809383, 41.5368304)","(37.1631564, 41.5048156)"

290,Koçan,15,"(37.336667, 41.43)","(37.345538, 41.4460074)","(37.32779490000001, 41.4139926)"

291,Mor Gabriel Monastery,16,"(37.3218136, 41.5384148)","(37.32316342989272, 41.53976462989272)","(37.32046377010728, 41.53706497010728)"

292,Mardin,17,"(37.312903, 40.733951)","(37.340449, 40.766385)","(37.3006559, 40.691066)"

293,Mardin Tımarhane,18,"(37.312903, 40.733951)","(37.31424177989272, 40.73530287989272)","(37.31154212010728, 40.73260322010728)"

294,İMSAN Group Kızıltepe Mardin,19,"(37.1859433, 40.5914282)","(37.18728482989273, 40.59282852989272)","(37.18458517010728, 40.59012887010727)"

295,Günyurdu,20,"(37.13871, 41.452476)","(37.1476044, 41.4684834)","(37.1298146, 41.4364686)"

296,Ilısu,21,"(37.526941, 41.845508)","(37.5357895, 41.86151539999999)","(37.5180914, 41.8295006)"

297,Midyat,22,"(37.41514799999999, 41.37343)","(37.442224, 41.38596)","(37.406657, 41.29841)"

298,GÜLHARRİN DIŞ TİCARET,23,"(37.2381173, 40.7782556)","(37.23951822989272, 40.77973617989272)","(37.23681857010728, 40.77703652010727)"

299,Mor Hananyo Monastery,24,"(37.2990302, 40.7925749)","(37.30034592989272, 40.79391787989272)","(37.29764627010728, 40.79121822010728)"

300,מרדין,25,"(37.3442929, 40.6196487)","(37.740586, 41.8964691)","(36.9112791, 39.880273)"

301,Ortaköy,26,"(37.22187, 40.78407)","(37.2307546, 40.8000774)","(37.2129844, 40.76806260000001)"

302,Mardin Airport,27,"(37.2354852, 40.6349952)","(37.23683662989272, 40.63635777989273)","(37.23413697010728, 40.63365812010728)"

303,Kuşçukuru,28,"(37.95, 41.3)","(37.9587981, 41.3160074)","(37.9412009, 41.2839926)"

304,Mardin Artuklu University,29,"(37.3352521, 40.7067008)","(37.33673817989272, 40.70816627989272)","(37.33403852010728, 40.70546662010728)"

305,Mardin,0,"(37.312903, 40.733951)","(37.340449, 40.766385)","(37.3006559, 40.691066)"

306,Marmashen,0,"(40.8428541, 43.7558559)","(40.84437997989271, 43.75737087989272)","(40.84168032010727, 43.75467122010728)"

307,עירק,0,"(33.223191, 43.679291)","(37.380645, 48.6350999)","(29.0612079, 38.7936741)"

308,המוזיאון הלאומי של עיראק,1,"(33.3284501, 44.3859098)","(33.32935942989272, 44.38738662989272)","(33.32665977010728, 44.38468697010728)"

309,شركة بلو للاصباغ الايطاليه - BLU,2,"(33.3134426, 44.4371184)","(33.31483662989272, 44.43840337989273)","(33.31213697010728, 44.43570372010728)"

310,اصباغ سان ماركو San Marco Paints,3,"(33.3136497, 44.4372339)","(33.31502597989272, 44.43854487989272)","(33.31232632010728, 44.43584522010728)"

311,כורדיסטאן העיראקית,4,"(36.4103395, 44.38719529999999)","(37.3712486, 46.3320922)","(34.4539171, 41.2783813)"

312,דור שרוכין,5,"(36.5101532, 43.2234763)","(36.5149825, 43.2275319)","(36.5052554, 43.2197428)"

313,Qasr Al-Abed,6,"(31.9128725, 35.7519492)","(31.91422962989272, 35.75337967989272)","(31.91152997010728, 35.75068002010727)"

314,אפגניסטן,7,"(33.93911, 67.709953)","(38.49087670000001, 74.8898619)","(29.3772, 60.5170005)"

315,בלך,8,"(36.7550603, 66.8975372)","(36.7744019, 66.9103004)","(36.739847, 66.879015)"

316,Marmo Meccanica,9,"(42.68212159999999, -83.28663809999999)","(42.68338067989271, -83.28564447010727)","(42.68068102010727, -83.28834412989272)"

317,Marmo Bra Srl,10,"(-34.6310285, -58.66737129999999)","(-34.62983337010727, -58.66581777010727)","(-34.63253302989271, -58.66851742989272)"

318,Özberk Madencilik Ltd. Şti.,0,"(40.4369563, 29.2506174)","(40.43838592989272, 29.25184402989272)","(40.43568627010727, 29.24914437010728)"

319,Marmos & Co OÜ,1,"(59.43603419999999, 24.7878473)","(59.43754527989271, 24.78937862989272)","(59.43484562010727, 24.78667897010727)"

320,Meher Kapısı,0,"(38.51715129999999, 43.38911510000001)","(38.51836482989272, 43.39042537989272)","(38.51566517010728, 43.38772572010728)"

321,Movana,0,"(21.3236521, 70.2252062)","(21.3256511, 70.2290107)","(21.3208136, 70.22212379999999)"

322,נהר מוראט,0,"(39.0822189, 41.8916645)","(39.7504477, 43.76644599999999)","(38.6812279, 39.91808460000001)"

323,Muradiye,0,"(38.994542, 43.767263)","(39.001156, 43.7824961)","(38.9732829, 43.7485309)"

324,מוש,0,"(38.734561, 41.491038)","(38.783503, 41.5406251)","(38.7182249, 41.472306)"

325,עירק,0,"(33.223191, 43.679291)","(37.380645, 48.6350999)","(29.0612079, 38.7936741)"

326,New Exim Solution (Export-Import Consultant),1,"(30.8368042, 47.2995758)","(30.83816187989273, 47.30040607989272)","(30.83546222010728, 47.29770642010727)"

327,Iraq Visa Stamping Services,2,"(28.5398382, 77.21782759999999)","(28.54123872989272, 77.21904347989272)","(28.53853907010728, 77.21634382010727)"

328,סטודיו לעיצוב גרפי | אבנר נגר,0,"(31.8746001, 35.1316606)","(31.87592207989272, 35.13297957989272)","(31.87322242010728, 35.13027992010728)"

329,"חגי נגר אדריכלים בע""מ",1,"(32.095383, 34.8245652)","(32.09673577989272, 34.82594412989272)","(32.09403612010728, 34.82324447010727)"

330,Dudi Nagar - CPA,2,"(31.949542, 34.8043805)","(31.95091507989272, 34.80575512989272)","(31.94821542010727, 34.80305547010727)"

331,ניר נגר - המרכז לתפנית עסקית,3,"(32.19814, 34.879502)","(32.19934647989272, 34.88086862989272)","(32.19664682010728, 34.87816897010728)"

332,ממתקי נגר רחל,4,"(32.8076106, 34.961384)","(32.80891972989272, 34.96260297989272)","(32.80622007010728, 34.95990332010727)"

333,Nagar,5,"(27.4242037, 77.09961299999999)","(27.4334512, 77.11642739999999)","(27.4144048, 77.0829964)"

334,סטופ מרקט הוד השרון,6,"(32.1302439, 34.8949633)","(32.13160912989272, 34.89620412989272)","(32.12890947010727, 34.89350447010728)"

335,Nagar Khas,7,"(36.2763768, 74.7199548)","(36.28288939999999, 74.758575)","(36.2475535, 74.7034492)"

336,Nagar,8,"(24.0921434, 87.9898205)","(24.1012201, 87.99544999999999)","(24.0815299, 87.98216)"

337,Nahr al Kalb,0,"(31.0230556, 47.4472222)","(31.0326171, 47.4632296)","(31.0134932, 47.4312148)"

338,עירק,1,"(33.223191, 43.679291)","(37.380645, 48.6350999)","(29.0612079, 38.7936741)"

339,Nahrawan,0,"(33.3769523, 44.7029603)","(33.3831495, 44.722638)","(33.3722552, 44.679594)"

340,Nalbandyan,0,"(40.06165, 43.9852874)","(40.0770206, 44.0010166)","(40.05090939999999, 43.9650105)"

341,נקש-י רוסתם,0,"(29.9886515, 52.8746126)","(29.99000132989272, 52.87596242989272)","(29.98730167010727, 52.87326277010727)"

342,נקש-י רוסתם,0,"(29.9886515, 52.8746126)","(29.99000132989272, 52.87596242989272)","(29.98730167010727, 52.87326277010727)"

343,Tell Ishchali,0,"(33.303056, 44.58425)","(33.30462267989272, 44.58615997989273)","(33.30192302010728, 44.58346032010728)"

344,Tell Ishchali,0,"(33.303056, 44.58425)","(33.30462267989272, 44.58615997989273)","(33.30192302010728, 44.58346032010728)"

345,ziggurat of Nimrud زقورة النمرود,0,"(36.1010762, 43.3270633)","(36.10291487989272, 43.32867467989272)","(36.10021522010728, 43.32597502010728)"

346,Technical Institute in Nimrud,1,"(36.1160282, 43.3185339)","(36.11736627989272, 43.31973392989273)","(36.11466662010728, 43.31703427010728)"

347,המוזיאון הלאומי של עיראק,2,"(33.3284501, 44.3859098)","(33.32935942989272, 44.38738662989272)","(33.32665977010728, 44.38468697010728)"

348,עירק,3,"(33.223191, 43.679291)","(37.380645, 48.6350999)","(29.0612079, 38.7936741)"

349,כורדיסטאן העיראקית,4,"(36.4103395, 44.38719529999999)","(37.3712486, 46.3320922)","(34.4539171, 41.2783813)"

350,נינאווה,0,"(36.229574, 42.2362435)","(37.06963289999999, 44.30975309999999)","(34.8811661, 41.208749)"

351,Nippur Archeological Site,0,"(32.126444, 45.233381)","(32.12779382989272, 45.23473082989273)","(32.12509417010727, 45.23203117010728)"

352,Noragavit,0,"(40.11735789999999, 44.4737553)","(40.1302958, 44.4870705)","(40.1069663, 44.4594759)"

353,Ortadamla,0,"(39.2064, 43.04799999999999)","(39.2150455, 43.0640074)","(39.1977534, 43.0319926)"

354,Ortakentyahşi,0,"(37.049585, 27.347988)","(37.056264, 27.358183)","(37.0459869, 27.346309)"

355,Palmyra,0,"(34.8123158, 43.5131711)","(34.81422432989272, 43.52055694999999)","(34.81152467010727, 43.51070915)"

356,פסארגאדה,0,"(30.2002013, 53.1777932)","(30.20155112989272, 53.17903267989271)","(30.19885147010728, 53.17633302010727)"

357,פסארגאדה,0,"(30.2002013, 53.1777932)","(30.20155112989272, 53.17903267989271)","(30.19885147010728, 53.17633302010727)"

358,Patnos,0,"(39.233578, 42.86330299999999)","(39.2565839, 42.8954889)","(39.2090559, 42.8201898)"

359,עירק,0,"(33.223191, 43.679291)","(37.380645, 48.6350999)","(29.0612079, 38.7936741)"

360,איראן,0,"(32.427908, 53.688046)","(39.782056, 63.3333366)","(24.8066999, 44.0326949)"

361,Pirabat,0,"(39.754286, 42.5817799)","(39.7628637, 42.5977873)","(39.7457073, 42.5657725)"

362,קטאר,0,"(25.354826, 51.183884)","(26.2171, 51.7144001)","(24.471118, 50.7211001)"

363,Tell al-Rimah,0,"(36.3489278, 43.157736)","(36.35028707989272, 43.15908367989272)","(36.34758742010728, 43.15638402010728)"

364,שקע קטארה,0,"(29.9887792, 27.4996816)","(30.0289555, 27.5195436)","(29.9841392, 27.4707509)"

365,Razliq,0,"(38.0058809, 47.5495505)","(38.0132683, 47.5540743)","(37.9999334, 47.5436929)"

366,עירק,0,"(33.223191, 43.679291)","(37.380645, 48.6350999)","(29.0612079, 38.7936741)"

367,Sabaa Al Bour,1,"(33.4623014, 44.1528362)","(33.4726913, 44.1732787)","(33.4474133, 44.13860320000001)"

368,Imam Musa Al-Kadhim Mosque and Husainia,2,"(33.4695583, 44.14378689999999)","(33.47090927989272, 44.14518462989272)","(33.46820962010728, 44.14248497010728)"

369,Saba' Abkar,3,"(33.4034936, 44.3579421)","(33.4082224, 44.3617741)","(33.3961007, 44.3534494)"

370,אל-שדאדי,4,"(36.0558208, 40.731064)","(36.0721718, 40.7483768)","(36.0381015, 40.7013416)"

371,מסופוטמיה,5,"(34.5337527, 43.483738)","(37.06718100000001, 48.575909)","(29.1030541, 41.218105)"

372,Saba & Co. Intellectual Property,6,"(29.3675446, 47.9760583)","(29.36894517989272, 47.97737917989272)","(29.36624552010728, 47.97467952010728)"

373,סוריה,7,"(34.80207499999999, 38.996815)","(37.318693, 42.376309)","(32.311136, 35.62869999999999)"

374,קוזסטאן,8,"(31.4360149, 49.041312)","(33.09328, 50.433708)","(29.9426961, 47.6145045)"

375,Saba & Co Intellectual Property,9,"(31.9669925, 35.8899608)","(31.96828127989273, 35.89129747989271)","(31.96558162010729, 35.88859782010727)"

376,Saba & Co. Intellectual Property,10,"(33.851845, 35.539366)","(33.85326042989271, 35.54090637989272)","(33.85056077010727, 35.53820672010728)"

377,Saba & Co. Intellectual Property,11,"(26.2367706, 50.5804238)","(26.23822702989272, 50.58176472989271)","(26.23552737010728, 50.57906507010727)"

378,Saba & Co. Intellectual Property,12,"(25.266918, 51.51665759999999)","(25.26832997989273, 51.51791477989272)","(25.26563032010728, 51.51521512010727)"

379,Seqendel,0,"(38.4995617, 46.71864600000001)","(38.5011612, 46.7200899)","(38.4964592, 46.7164851)"

380,Seqendel,0,"(38.4995617, 46.71864600000001)","(38.5011612, 46.7200899)","(38.4964592, 46.7164851)"

381,Salmanağa,0,"(39.047414, 43.433028)","(39.052397, 43.438291)","(39.04206, 43.4258139)"

382,Sar-e Pol,0,"(36.216628, 65.93336)","(36.23838900000001, 65.9589957)","(36.1827099, 65.9110165)"

383,Armavir,0,"(40.1555525, 44.0388482)","(40.1838242, 44.0830708)","(40.1342167, 44.0020466)"

384,Sarmaç,0,"(38.499367, 43.49557799999999)","(38.5080989, 43.5115854)","(38.4906341, 43.4795706)"

385,סי-לאנד,0,"(32.081303, 34.770738)","(32.08266982989272, 34.77203882989272)","(32.07997017010727, 34.76933917010728)"

386,تل حرمل,0,"(33.3095041, 44.4673653)","(33.31068817989273, 44.46872442989272)","(33.30798852010728, 44.46602477010727)"

387,שהר-י סוח'תה,0,"(30.65, 61.4)","(30.6595987, 61.4160074)","(30.6404003, 61.38399259999999)"

388,Shisheh,0,"(33.8414872, 48.7743458)","(33.8507543, 48.7903532)","(33.8322191, 48.7583384)"

389,Sihke,0,"(38.501282, 43.3680188)","(38.5100136, 43.3840262)","(38.4925493, 43.3520114)"

390,Tulūl ad Dayr,0,"(33.0997222, 44.2983333)","(33.109069, 44.3143407)","(33.0903744, 44.2823259)"

391,Tulūl ad Dayr,0,"(33.0997222, 44.2983333)","(33.109069, 44.3143407)","(33.0903744, 44.2823259)"

392,Tulūl ad Dayr,0,"(33.0997222, 44.2983333)","(33.109069, 44.3143407)","(33.0903744, 44.2823259)"

393,Tulūl ad Dayr,0,"(33.0997222, 44.2983333)","(33.109069, 44.3143407)","(33.0903744, 44.2823259)"

394,Tulūl ad Dayr,0,"(33.0997222, 44.2983333)","(33.109069, 44.3143407)","(33.0903744, 44.2823259)"

395,Soğucak,0,"(37.782663, 27.298247)","(37.8257449, 27.302863)","(37.771352, 27.2614621)"

396,Spandaryan,0,"(39.6221652, 45.9067366)","(39.6323162, 45.9135389)","(39.6183174, 45.8949136)"

397,Suez International Co,0,"(31.9604152, 35.8785951)","(31.96173392989271, 35.87995077989272)","(31.95903427010727, 35.87725112010727)"

398,תעלת סואץ,1,"(30.5578479, 32.3388628)","(31.2270044, 32.6277455)","(29.9063401, 32.2653887)"

399,סואץ,2,"(29.9668343, 32.5498069)","(30.0211813, 32.5854957)","(29.9329452, 32.4374941)"

400,Sultantepe,0,"(37.052473, 38.904957)","(37.0564374, 38.9100394)","(37.0464721, 38.9038377)"

401,Al-Susah,0,"(34.5200967, 40.9612121)","(34.5293285, 40.9674168)","(34.5131696, 40.9490919)"

402,Shush,1,"(32.1957948, 48.254283)","(32.2146891, 48.2899761)","(32.1759031, 48.2338428)"

403,Apadana Castle Shush,2,"(32.1927727, 48.2493366)","(32.19547284999999, 48.25085142989272)","(32.19187265000001, 48.24815177010728)"

404,Iraq Embassy,0,"(33.5174616, 36.2849933)","(33.51889042989272, 36.28628877989272)","(33.51619077010728, 36.28358912010728)"

405,תיכרית,0,"(34.5990025, 43.675025)","(34.6877632, 43.7132263)","(34.5409242, 43.6235332)"

406,Taşköprü,0,"(41.50994499999999, 34.210284)","(41.513533, 34.2218259)","(41.4966579, 34.204098)"

407,Taştepe,0,"(40.350874, 26.836238)","(40.3539389, 26.8408981)","(40.347316, 26.833126)"

408,Taştepe,1,"(38.066359, 38.727657)","(38.0751431, 38.7436644)","(38.0575738, 38.7116496)"

409,Taştepe,2,"(41.964067, 27.138073)","(41.966327, 27.140817)","(41.962573, 27.1348429)"

410,Taştepe,3,"(39.907654, 26.303528)","(39.909553, 26.308277)","(39.904471, 26.300266)"

411,Tell Agrab,0,"(33.3390034, 44.8739534)","(33.34035322989271, 44.87530322989272)","(33.33765357010727, 44.87260357010728)"

412,Tell al-Rimah,0,"(36.3489278, 43.157736)","(36.35028707989272, 43.15908367989272)","(36.34758742010728, 43.15638402010728)"

413,Tell al-Rimah,0,"(36.3489278, 43.157736)","(36.35028707989272, 43.15908367989272)","(36.34758742010728, 43.15638402010728)"

414,Tell al-Rimah,0,"(36.3489278, 43.157736)","(36.35028707989272, 43.15908367989272)","(36.34758742010728, 43.15638402010728)"

415,Tell Al Ubaid,0,"(30.9722899, 46.0305932)","(30.97363972989273, 46.03194302989272)","(30.97094007010728, 46.02924337010727)"

416,Tell Al Ubaid,0,"(30.9722899, 46.0305932)","(30.97363972989273, 46.03194302989272)","(30.97094007010728, 46.02924337010727)"

417,תל יריחו,0,"(31.870816, 35.439442)","(31.87243722989272, 35.44100637989273)","(31.86973757010728, 35.43830672010728)"

418,Tell Fecheriye,0,"(36.8421039, 40.0701374)","(36.84344122989272, 40.07114982989272)","(36.84074157010727, 40.06845017010728)"

419,Tell Hammam et-Turkman,0,"(36.4824665, 39.0567601)","(36.48414207989272, 39.06297670000001)","(36.48144242010728, 39.05468789999999)"

420,دەتی_دهوک),0,"(36.8593132, 42.9857664)","(36.86098707989272, 42.98801835)","(36.85828742010728, 42.98501575)"

421,Alegra Boutique Hotel | אלגרה מלון בוטיק בירושלים,0,"(31.7675482, 35.1615527)","(31.76888667989272, 35.16293672989272)","(31.76618702010728, 35.16023707010728)"

422,تل حرمل,0,"(33.3095041, 44.4673653)","(33.31068817989273, 44.46872442989272)","(33.30798852010728, 44.46602477010727)"

423,تل حرمل,0,"(33.3095041, 44.4673653)","(33.31068817989273, 44.46872442989272)","(33.30798852010728, 44.46602477010727)"

424,תל ליילאן,0,"(36.9580695, 41.504396)","(36.9603171, 41.5073776)","(36.9551732, 41.5025282)"

425,Sabaa Al Bour,0,"(33.4623014, 44.1528362)","(33.4726913, 44.1732787)","(33.4474133, 44.13860320000001)"

426,Tell al-Rimah,1,"(36.3489278, 43.157736)","(36.35028707989272, 43.15908367989272)","(36.34758742010728, 43.15638402010728)"

427,עירק,2,"(33.223191, 43.679291)","(37.380645, 48.6350999)","(29.0612079, 38.7936741)"

428,Saba & Co. Intellectual Property,3,"(29.3675446, 47.9760583)","(29.36894517989272, 47.97737917989272)","(29.36624552010728, 47.97467952010728)"

429,Thanahat,0,"(25.6032673, 89.6722171)","(25.6435721, 89.69470299999999)","(25.559724, 89.6330436)"

430,Toprakkale,0,"(37.062415, 36.145216)","(37.076065, 36.1969768)","(37.039914, 36.126318)"

431,Topzawa Big,0,"(36.5755671, 43.7493449)","(36.5773518, 43.7532234)","(36.5728024, 43.74481189999999)"

432,Topzawa Big,0,"(36.5755671, 43.7493449)","(36.5773518, 43.7532234)","(36.5728024, 43.74481189999999)"

433,Iğdır,0,"(39.92005959999999, 44.0436151)","(39.950163, 44.092825)","(39.884109, 43.9807289)"

434,Tsovak,0,"(40.1808565, 45.6365787)","(40.191922, 45.6528711)","(40.1778895, 45.6216717)"

435,Tsovinar,0,"(40.1587936, 45.4693737)","(40.16490400000001, 45.4836559)","(40.1477168, 45.448122)"

436,At Tuba,0,"(30.46666699999999, 47.5)","(30.47628389999999, 47.5160074)","(30.4570492, 47.4839926)"

437,Al Tuba Wa Al Nakhila,1,"(30.5456803, 47.7415664)","(30.5579373, 47.746582)","(30.5374436, 47.7346087)"

438,Tuba Hotel,2,"(36.1998057, 44.0277676)","(36.20112092989272, 44.02913747989272)","(36.19842127010727, 44.02643782010728)"

439,شجرة طوبى للصحيات,3,"(32.6011815, 44.0042351)","(32.60248977989271, 44.00550052989272)","(32.59979012010727, 44.00280087010728)"

440,Tuba Depot,4,"(30.3977429, 47.5005436)","(30.4042937, 47.50161417989273)","(30.3955593, 47.49891452010728)"

441,الطوبه-Tuba,5,"(30.3626979, 47.5027924)","(30.36404772989273, 47.50414222989272)","(30.36134807010728, 47.50144257010727)"

442,جامع الطوبة والنخيلة,6,"(30.5475414, 47.7452111)","(30.54888602989272, 47.74669582989272)","(30.54618637010728, 47.74399617010727)"

443,אום טובא,0,"(31.730808, 35.23235)","(31.7402977, 35.2483574)","(31.7213173, 35.2163426)"

444,עירק,0,"(33.223191, 43.679291)","(37.380645, 48.6350999)","(29.0612079, 38.7936741)"

445,Hit,1,"(33.6435199, 42.8253662)","(33.6586385, 42.8611851)","(33.6220526, 42.8027344)"

446,א-רקה,2,"(35.9594106, 38.9981052)","(35.9821736, 39.0682411)","(35.9272857, 38.9259338)"

447,מלזיה,3,"(4.210484, 101.975766)","(7.5191, 119.4000001)","(0.8539281000000001, 98.9353999)"

448,Villa Tiying Tutul,4,"(-8.648843, 115.158214)","(-8.647219270107277, 115.1596115798927)","(-8.64991892989272, 115.1569119201073)"

449,Khafajah / Khafaje,0,"(33.354812, 44.55583550000001)","(33.35810360000001, 44.55769565000001)","(33.35371479999998, 44.55025504999998)"

450,Tell Al Ubaid,0,"(30.9722899, 46.0305932)","(30.97363972989273, 46.03194302989272)","(30.97094007010728, 46.02924337010727)"

451,Faydat al `Ubayyid,1,"(30.1461111, 45.37444439999999)","(30.1557595, 45.3904518)","(30.1364618, 45.358437)"

452,Tell Jokha (ancient: Umma),0,"(31.6671252, 45.8880043)","(31.66847502989272, 45.88935412989272)","(31.66577537010728, 45.88665447010727)"

453,תל חסי,0,"(31.547475, 34.730067)","(31.54852222989272, 34.73093927989272)","(31.54582257010727, 34.72823962010728)"

454,The Monument Of The Unknown Soldier‎,0,"(33.3084864, 44.3892919)","(33.31068885000001, 44.3900486)","(33.30775224999999, 44.3870218)"

455,The Monument Of The Unknown Soldier‎,0,"(33.3084864, 44.3892919)","(33.31068885000001, 44.3900486)","(33.30775224999999, 44.3870218)"

456,Unknown Soldier Memorial Garden,0,"(31.7761832, 35.1797206)","(31.77768422989272, 35.18135642989272)","(31.77498457010728, 35.17865677010728)"

457,Unknown Soldier Memorial Garden,0,"(31.7761832, 35.1797206)","(31.77768422989272, 35.18135642989272)","(31.77498457010728, 35.17865677010728)"

458,Tell Uqair,0,"(32.7798374, 44.6642573)","(32.7892181, 44.6802647)","(32.7704557, 44.6482499)"

459,הזיגוראת הגדול של אור,0,"(30.9627548, 46.1031778)","(30.96430232989272, 46.10474277989272)","(30.96160267010728, 46.10204312010728)"

460,Ur,1,"(30.9608333, 46.1061111)","(30.970401, 46.1221185)","(30.9512646, 46.0901037)"

461,Ur,2,"(31.0641593, 46.2402577)","(31.0731159, 46.2477206)","(31.0575662, 46.234417)"

462,Ur,3,"(33.4264108, 44.43470070000001)","(33.4348257, 44.4408345)","(33.3968015, 44.4051933)"

463,Ur Terminal (planned) Constructions halted due to Iran-Iraq war,4,"(33.2682136, 44.2330455)","(33.26944827989272, 44.23419197989273)","(33.26674862010728, 44.23149232010728)"

464,Ur of the Chaldean,5,"(30.9614449, 46.10571470000001)","(30.96395635000001, 46.106768)","(30.96060775, 46.1025548)"

465,Mahatt Ur,6,"(30.9720063, 46.1673165)","(30.9766708, 46.1727262)","(30.9683548, 46.1608386)"

466,Ur Mum,7,"(33.3187643, 44.3735057)","(33.32014182989272, 44.37483762989272)","(33.31744217010727, 44.37213797010727)"

467,Ur State Company,8,"(31.0143227, 46.25561709999999)","(31.01549807989272, 46.25676882989271)","(31.01279842010727, 46.25406917010727)"

468,House of Abrahum,9,"(30.9596426, 46.1074626)","(30.96081302989272, 46.10897337989272)","(30.95811337010728, 46.10627372010727)"

469,"ATM Trade Bank of Iraq, Ur Hotel",10,"(31.0337567, 46.23718059999999)","(31.03515917989272, 46.23842077989271)","(31.03245952010728, 46.23572112010726)"

470,Uruk,0,"(31.3243503, 45.6388031)","(31.32570012989271, 45.64015292989271)","(31.32300047010727, 45.63745327010727)"

471,Van Royal,0,"(36.1986759, 44.0221424)","(36.20016157989271, 44.02379232989273)","(36.19746192010727, 44.02109267010729)"

472,מצודת ארביל,0,"(36.1911651, 44.0091464)","(36.19249242989272, 44.01045762989273)","(36.18979277010727, 44.00775797010728)"

473,Castle Of Van,0,"(38.502677, 43.3387541)","(38.50438987989272, 43.33996614999999)","(38.50169022010728, 43.33511795000001)"

474,VANS Store Jerusalem - Malha Mall,0,"(31.751554, 35.18719)","(31.75286907989272, 35.18818202989273)","(31.75016942010728, 35.18548237010729)"

475,Vardadzor,0,"(40.1881385, 45.1983131)","(40.2030671, 45.2181816)","(40.1786438, 45.1821328)"

476,"Warka, Iraq Ancient Uruk",0,"(31.3259694, 45.6378992)","(31.32731922989272, 45.63924902989272)","(31.32461957010728, 45.63654937010728)"

477,כורדיסטאן העיראקית,0,"(36.4103395, 44.38719529999999)","(37.3712486, 46.3320922)","(34.4539171, 41.2783813)"

478,כורדיסטן העיראקית,1,"(36.1673851, 43.9811935)","(36.1741537, 43.9907384)","(36.1594899, 43.9694952)"

479,Tall Wilāyah,2,"(32.33, 45.6591667)","(32.3394278, 45.6751741)","(32.3205712, 45.6431593)"

480,yahya muhamad,0,"(35.3535732, 45.8678951)","(35.35490487989272, 45.86923602989272)","(35.35220522010728, 45.86653637010728)"

481,Yazılıtaş,0,"(39.686227, 35.176464)","(39.6897052, 35.1802711)","(39.683386, 35.1722247)"

482,Bakraçlı,0,"(38.449846, 43.46274500000001)","(38.452594, 43.4663269)","(38.4463768, 43.455962)"

483,Yeşilalıç,0,"(37.110294, 39.757861)","(37.1191917, 39.7738684)","(37.1013953, 39.7418536)"

484,Yoncalı,0,"(37.494611, 43.38235)","(37.5034633, 43.39835739999999)","(37.4857576, 43.3663426)"

485,Zabala,0,"(42.8470234, -2.6724669)","(42.84837322989273, -2.671117070107278)","(42.84567357010729, -2.673816729892722)"

486,Zawiyah,0,"(33.3273039, 43.7477743)","(33.3517527, 43.7601758)","(33.3185514, 43.7359715)"

487,تپه قلعه زیویه,0,"(36.2389448, 46.2779705)","(36.24028707989272, 46.27883187989271)","(36.23758742010727, 46.27613222010727)"

488,זווארטנוץ,0,"(40.16527019999999, 44.3427833)","(40.1700854, 44.3527508)","(40.1555893, 44.3299842)"

489,Zvartnots International Airport,0,"(40.1491782, 44.3988571)","(40.15959974999999, 44.4017542)","(40.14570435000002, 44.3978914)"

490,זווארטנוץ,1,"(40.1602393, 44.3363394)","(40.16158912989272, 44.33768922989272)","(40.15888947010728, 44.33498957010728)"

491,זווארטנוץ,2,"(40.16527019999999, 44.3427833)","(40.1700854, 44.3527508)","(40.1555893, 44.3299842)"

492,Çavuştepe,0,"(38.35, 43.4528999)","(38.3565591, 43.4565418)","(38.3458735, 43.4452996)"

493,Çavuştepe,0,"(38.35, 43.4528999)","(38.3565591, 43.4565418)","(38.3458735, 43.4452996)"

494,Çelebibağı,0,"(38.9826, 43.3108)","(39.004886, 43.323461)","(38.972392, 43.2613551)"

495,Sehna,0,"(32.8110437, 73.92128579999999)","(32.8142931, 73.92676589999999)","(32.8041575, 73.9146852)"

496,תל ליילאן,0,"(36.9580695, 41.504396)","(36.9603171, 41.5073776)","(36.9551732, 41.5025282)"

497,תל ליילאן,0,"(36.9580695, 41.504396)","(36.9603171, 41.5073776)","(36.9551732, 41.5025282)"

