,Uruk III,Uruk IV,ED I-II,ED IIIa,ED IIIb,Old Babylonian,Old Akkadian,Middle Babylonian,Ur III,unspecified,Neo-Babylonian,Neo-Assyrian,Middle Assyrian,Hellenistic,Achaemenid,First Millennium,Late Babylonian,Early Dynastic
undetermined,17546.0,537.0,,,,,,,,,,,,,,,,
Sumerian ?,,,92.0,,,28.0,,,,,,,,,,,,
Sumerian,,,,6712.0,1776.0,64764.0,357.0,1828.0,234.0,41.0,676.0,,907.0,,,,,
unspecified,,,,2732.0,2136.0,47250.0,619.0,42845.0,121.0,13458.0,22897.0,122784.0,28687.0,7243.0,2647.0,10265.0,1218.0,132.0
bilingual,,,,,45.0,,,12.0,,,,,,,,,,
Eblaite,,,,,87.0,,,,,,,,,,,,,
Akkadian,,,,,,739.0,,1715.0,,148.0,1724.0,18098.0,419.0,1000.0,,,,
Sumerian; Akkadian,,,,,,8857.0,,2202.0,,,1023.0,,,,,,,
Hittite,,,,,,,,10511.0,,,,,,,,,,
