,Neo-Assyrian,Neo-Babylonian,Old Assyrian,Middle Assyrian,Middle Babylonian,"Neo-Assyrian, Neo-Babylonian",Achaemenid,Hellenistic,Old Babylonian,Seleucid,unspecified,Uncertain,Standard Babylonian,uncertain,First Millennium,Ur III,Old Akkadian,Lagaš II,Early Dynastic
unspecified,7510.0,35.0,1.0,40.0,47.0,,34.0,119.0,385.0,12.0,358.0,,30.0,3.0,4.0,253.0,24.0,118.0,174.0
Akkadian,5090.0,585.0,66.0,742.0,12.0,,1111.0,548.0,2.0,1305.0,132.0,85.0,,,,,,,
"Akkadian, Aramaic, Luwian",2.0,,,,,,,,,,,,,,,,,,
"Akkadian, Aramaic",6.0,,,,,,,,,,,,,,,,,,
Sumerian,14.0,,,,16.0,,,,115.0,,,,,,,,,,
"Sumerian, Akkadian",388.0,87.0,,8.0,24.0,32.0,,82.0,4.0,,5.0,,,,,,,,
Sumerian/Akkadian Bilingual,153.0,,,,,,7.0,,,59.0,,10.0,,,,,,,
akkadian,,3.0,,,,,,,,,,,,,,,,,
Sumerian; Akkadian,,,,,,,,,2.0,,,,,,,,,,
bilingual,,,,,,,,,,,,2.0,,,,,,,
