,Neo-Assyrian,Hellenistic,Neo-Babylonian,Old Assyrian,Middle Assyrian,Middle Babylonian,"Neo-Assyrian, Neo-Babylonian",Achaemenid,Old Babylonian,unspecified,Seleucid,Uncertain,Standard Babylonian,uncertain,First Millennium,ED IIIa,Old Akkadian,Ur III,ED IIIb,Lagaš II,Early Dynastic
unspecified,34202.0,378.0,164.0,7.0,178.0,326.0,,227.0,4356.0,1614.0,142.0,,418.0,7.0,94.0,7.0,259.0,1377.0,24.0,798.0,1624.0
Akkadian,31209.0,2563.0,2266.0,482.0,4567.0,204.0,,2682.0,9.0,352.0,3793.0,140.0,,,,,,,,,
Sumerian,151.0,,12.0,,,56.0,,,802.0,,,,,,,,,,,,
"Akkadian, Aramaic, Luwian",4.0,,,,,,,,,,,,,,,,,,,,
"Akkadian, Aramaic",75.0,,,,,,,,,,,,,,,,,,,,
Aramaic,4.0,,,,,,,,,,,,,,,,,,,,
"Sumerian, Akkadian",1978.0,309.0,453.0,,21.0,44.0,104.0,,43.0,38.0,,,,,,,,,,,
Sumerian/Akkadian Bilingual,444.0,,,,,,,13.0,,,307.0,10.0,,,,,,,,,
bilingual,39.0,,,,,,,,,,,17.0,,,,,,,,,
akkadian,,,7.0,,,,,,,,,,,,,,,,,,
Sumerian (Akkadian colophon),,,4.0,,,,,,,,,,,,,,,,,,
Sumerian; Akkadian,,,,,,,,,12.0,,,,,,,,,,,,
