,Middle Babylonian,Old Babylonian,Lagaš II,Old Akkadian,Ur III,Early Dynastic,Neo-Assyrian,Hellenistic,Neo-Babylonian,Old Assyrian,Middle Assyrian,"Neo-Assyrian, Neo-Babylonian",Achaemenid,unspecified
unspecified,124.0,88.0,241.0,62.0,690.0,320.0,,,,,,,,2.0
bilingual,1.0,,,,,,,,,,,,,
Akkadian,27.0,,,,,,928.0,1.0,82.0,102.0,264.0,,3.0,
"Sumerian, Akkadian",2.0,,,,,,3.0,,2.0,,,1.0,,
Sumerian,10.0,,,,,,19.0,,3.0,,,,,
"Akkadian, Aramaic, Luwian",,,,,,,1.0,,,,,,,
"Akkadian, Aramaic",,,,,,,11.0,,,,,,,
Sumerian (Akkadian colophon),,,,,,,,,1.0,,,,,
