,Neo-Assyrian,Achaemenid,Neo-Babylonian,Ur III,Old Babylonian,Middle Assyrian,Middle Babylonian,ED IIIa,Old Akkadian,ED IIIb,Seleucid,Old Assyrian,Lagaš II,Early Dynastic,Hellenistic,"Neo-Assyrian, Neo-Babylonian",unspecified,Uruk III,Uruk IV,ED I-II,First Millennium,Late Babylonian,Uncertain,Standard Babylonian,uncertain
unspecified,17984.0,9.0,248.0,705.0,1645.0,94.0,984.0,87.0,95.0,17.0,7.0,10.0,241.0,321.0,67.0,,271.0,,,,15.0,6.0,,2.0,1.0
Akkadian,5732.0,253.0,437.0,1.0,12.0,804.0,117.0,,2.0,,224.0,310.0,,,164.0,,64.0,,,,,,34.0,,
"Akkadian, Aramaic",57.0,1.0,,,,,,,,,,,,,,,,,,,,,,,
Sumerian,94.0,,18.0,10.0,1540.0,3.0,49.0,55.0,4.0,19.0,2.0,,,,,,2.0,,,,,,1.0,,
"Akkadian, Aramaic, Luwian",5.0,,,,,,,,,,,,,,,,,,,,,,,,
"Sumerian, Akkadian",262.0,,55.0,,3.0,2.0,8.0,,,,,,,,87.0,4.0,4.0,,,,,,,,
Aramaic,2.0,,,,,,,,,,,,,,,,,,,,,,,,
Sumerian; Akkadian,1.0,,8.0,,44.0,,11.0,,,,,,,,,,,,,,,,,,
Akkadian?,2.0,,,,,,,,,,,,,,,,,,,,,,,,
Sumerian/Akkadian Bilingual,19.0,3.0,,,,,,,,,18.0,,,,,,,,,,,,3.0,,
bilingual,3.0,,,,,,3.0,,,11.0,,,,,,,,,,,,,1.0,,
Sumerian (Akkadian colophon),,,1.0,,,,,,,,,,,,,,,,,,,,,,
akkadian,,,1.0,,,,,,,,,,,,,,,,,,,,,,
Sumerian ?,,,,,2.0,,,,,,,,,,,,,,,2.0,,,,,
Hittite,,,,,,,90.0,,,,,,,,,,,,,,,,,,
Eblaite,,,,,,,,,,2.0,,,,,,,,,,,,,,,
undetermined,,,,,,,,,,,,,,,,,,681.0,11.0,,,,,,
