,Uruk III,Uruk IV,ED I-II,ED IIIa,ED IIIb,Old Babylonian,Old Akkadian,Middle Babylonian,Ur III,unspecified,Neo-Babylonian,Neo-Assyrian,Middle Assyrian,Hellenistic,Achaemenid,First Millennium,Late Babylonian,Early Dynastic
undetermined,681.0,11.0,,,,,,,,,,,,,,,,
Sumerian ?,,,2.0,,,2.0,,,,,,,,,,,,
Sumerian,,,,55.0,19.0,1347.0,4.0,9.0,4.0,2.0,6.0,,3.0,,,,,
unspecified,,,,82.0,12.0,1034.0,12.0,386.0,8.0,186.0,223.0,1286.0,84.0,34.0,3.0,15.0,6.0,1.0
bilingual,,,,,11.0,,,1.0,,,,,,,,,,
Eblaite,,,,,2.0,,,,,,,,,,,,,
Akkadian,,,,,,9.0,,9.0,,1.0,23.0,124.0,4.0,5.0,,,,
Sumerian; Akkadian,,,,,,42.0,,11.0,,,7.0,,,,,,,
Hittite,,,,,,,,90.0,,,,,,,,,,
